train/total loss,train/transformation loss,train/learning_rate_base,train/learning_rate_block,train/rotation-error-x,train/rotation-error-y,train/rotation-error-z,train/rotation-error-xyz,train/geodesic-distance,train/translation-error-x,train/translation-error-y,train/translation-error-z,train/translation-error-xyz,train/euclidean-distance,val/total loss,val/transformation loss,val/rotation-error-x,val/rotation-error-y,val/rotation-error-z,val/rotation-error-xyz,val/geodesic-distance,val/translation-error-x,val/translation-error-y,val/translation-error-z,val/translation-error-xyz,val/euclidean-distance
8.1187078471025,8.1187078471025,1.2388710383251319e-05,1.2388710383251322e-06,16.07737159729004,1.9975286722183228,18.32550048828125,12.133466720581055,25.825737133091817,4.280256271362305,4.205683708190918,0.5021418333053589,2.9960274696350098,6.686512843612689,3.058740783122278,3.058740783122278,3.0517313480377197,0.77277672290802,5.151253700256348,2.9919204711914062,6.515700138384296,1.7114672660827637,1.7982428073883057,0.2606801986694336,1.2567968368530273,2.777428880814583
2.910871095005872,2.910871095005872,1.9301244319891802e-05,1.930124431989181e-06,3.3437764644622803,0.8299199342727661,4.583999156951904,2.91923189163208,6.292520596704581,1.3822412490844727,1.3954415321350098,0.2297542244195938,1.002479076385498,2.2092084916806796,1.71080591938188,1.71080591938188,1.5613946914672852,0.6033452749252319,2.8935043811798096,1.6860814094543457,3.6619203580963995,1.007619023323059,0.9393484592437744,0.17793209850788116,0.7082998752593994,1.5475355718405015
2.07427564198333,2.07427564198333,3.000373329485346e-05,3.0003733294853467e-06,2.383286476135254,0.6818717122077942,3.6623690128326416,2.242509126663208,4.910012521371502,0.9491081237792969,0.9642773270606995,0.16894826292991638,0.6941112875938416,1.5270430893903484,1.2154239180587953,1.2154239180587953,1.1304562091827393,0.5042434334754944,2.2210865020751953,1.285262107849121,2.8466681155466262,0.7012081742286682,0.6565154790878296,0.13663822412490845,0.49812063574790955,1.0863633218311495
1.5766718533364832,1.5766718533364832,4.3359948572975237e-05,4.3359948572975245e-06,1.9747859239578247,0.5848081707954407,3.17474627494812,1.9114469289779663,4.1939039874980155,0.7086151242256165,0.7011225819587708,0.13864153623580933,0.5161263942718506,1.1245385888797135,0.8070438131690025,0.8070438131690025,0.6660034656524658,0.40851029753685,1.7112146615982056,0.9285761713981628,2.061238498937699,0.4538685083389282,0.43194934725761414,0.10249943286180496,0.32943910360336304,0.7106007558684195
1.3960103220151294,1.3960103220151294,5.795192881577761e-05,5.795192881577761e-06,1.5267043113708496,0.5321378111839294,2.7995352745056152,1.6194591522216797,3.5628966919727083,0.6030465364456177,0.6033815145492554,0.11947380006313324,0.44196730852127075,0.9592096371368755,0.7954305314248608,0.7954305314248608,0.7196788787841797,0.40536290407180786,1.7125766277313232,0.9458727836608887,2.0699947625398636,0.45974230766296387,0.40796878933906555,0.10203760117292404,0.32324957847595215,0.7001327146445552
1.2873859962557541,1.2873859962557541,7.223051781356367e-05,7.223051781356367e-06,1.5304044485092163,0.5061169862747192,2.6291816234588623,1.5552343130111694,3.387816357900026,0.5231944918632507,0.5283112525939941,0.11116094142198563,0.3875555694103241,0.8398787471306447,0.6827117291189009,0.6827117291189009,0.4671277105808258,0.3863671123981476,1.4730288982391357,0.775507926940918,1.7444822711329306,0.38993266224861145,0.3480178415775299,0.09807407110929489,0.2786748707294464,0.5986310760340383
1.1855442003185521,1.1855442003185521,8.467983050868057e-05,8.467983050868057e-06,1.736905813217163,0.4811486601829529,2.4176392555236816,1.5452312231063843,3.349204525950308,0.44728630781173706,0.43732210993766785,0.10255743563175201,0.3290552794933319,0.7054813782739037,0.5327352626669791,0.5327352626669791,0.4929995834827423,0.3069997727870941,1.1717420816421509,0.6572471857070923,1.4692114471427855,0.29002484679222107,0.2855567932128906,0.07919120043516159,0.21825763583183289,0.4633989912127295
1.0811871229302048,1.0811871229302048,9.397818679005417e-05,9.397818679005416e-06,1.3483930826187134,0.4282592833042145,2.0832760334014893,1.2866429090499878,2.7520960321656323,0.3759864270687103,0.3727140724658966,0.08803414553403854,0.2789115607738495,0.5955083765748174,0.4785273108751543,0.4785273108751543,0.588778555393219,0.30659765005111694,1.145883560180664,0.680419921875,1.4543678611516953,0.24172024428844452,0.2663503587245941,0.0730186328291893,0.19369642436504364,0.41189725997467197
0.9943851316700573,0.9943851316700573,9.913842753784059e-05,9.913842753784059e-06,1.2456417083740234,0.4021921753883362,1.8305549621582031,1.1594629287719727,2.5070441936652776,0.32655343413352966,0.32221755385398865,0.07896135002374649,0.2425774335861206,0.5193656346451675,0.40560285783102434,0.40560285783102434,0.5496093034744263,0.3106248676776886,0.9264034032821655,0.5955458879470825,1.2728118567216782,0.21633416414260864,0.20707808434963226,0.06990809738636017,0.1644401252269745,0.3469484193671134
0.9306762390925061,0.9306762390925061,9.999674559295963e-05,9.999674559295963e-06,1.0402637720108032,0.3863355815410614,1.6856493949890137,1.0374162197113037,2.2311041077981724,0.2951622009277344,0.2967270016670227,0.07292558252811432,0.22160492837429047,0.47390588907574127,0.32157782549338954,0.32157782549338954,0.31369367241859436,0.24178321659564972,0.7427740097045898,0.43275031447410583,0.9379651154721936,0.17769518494606018,0.16563481092453003,0.05260429531335831,0.1319780945777893,0.27633982560326975
0.8165262530714992,0.8165262530714992,9.996030117547442e-05,9.996030117547442e-06,1.1081689596176147,0.3560568690299988,1.5901157855987549,1.0181138515472412,2.150271363701804,0.24983425438404083,0.2485792487859726,0.06779640167951584,0.18873664736747742,0.398884274775481,0.31342402557211535,0.31342402557211535,0.3234159052371979,0.2562020421028137,0.7109025120735168,0.43017348647117615,0.9179502329038035,0.1632629632949829,0.16951920092105865,0.055566657334566116,0.12944960594177246,0.26915472325298095
0.776743382865608,0.776743382865608,9.988344362849889e-05,9.98834436284989e-06,1.151178002357483,0.35319945216178894,1.4724090099334717,0.9922622442245483,2.0771227597369117,0.23417028784751892,0.23215484619140625,0.06572525948286057,0.17735013365745544,0.37443040622704066,0.29780627318447633,0.29780627318447633,0.256468266248703,0.23860988020896912,0.6317849159240723,0.3756210505962372,0.8045969454030837,0.16362613439559937,0.15864010155200958,0.04792406037449837,0.12339676916599274,0.25808278567367987
0.7059137334300785,0.7059137334300785,9.976623518475707e-05,9.976623518475708e-06,0.8306726813316345,0.32824158668518066,1.2653923034667969,0.8081022500991821,1.7035327399776121,0.204952672123909,0.20377515256404877,0.06047147884964943,0.15639977157115936,0.32872289196768806,0.2745345047404689,0.2745345047404689,0.27818751335144043,0.24929165840148926,0.6675865650177002,0.39835524559020996,0.8517716772133305,0.13889092206954956,0.14600881934165955,0.04959012195467949,0.11149662733078003,0.2325065661101572
0.6803535470048268,0.6803535470048268,9.96087707497074e-05,9.960877074970739e-06,0.8614785671234131,0.31449127197265625,1.1768757104873657,0.7842819094657898,1.641565712940816,0.1950916051864624,0.18851251900196075,0.05893627926707268,0.1475134789943695,0.30960962333717523,0.2573469741450202,0.2573469741450202,0.249216690659523,0.23394684493541718,0.5296868681907654,0.33761680126190186,0.7083548093515057,0.1441400945186615,0.12993931770324707,0.050419121980667114,0.1081661805510521,0.2223644344917228
0.6975700410102182,0.6975700410102182,9.941117782469636e-05,9.941117782469636e-06,0.8771334886550903,0.3116365969181061,1.1736425161361694,0.7874709367752075,1.6522304251464992,0.20017516613006592,0.19570885598659515,0.05900534987449646,0.15162979066371918,0.3186904978943747,0.25623592578115,0.25623592578115,0.23861685395240784,0.22376862168312073,0.5280638337135315,0.33014976978302,0.6984642042267707,0.12965936958789825,0.1423027515411377,0.04766058176755905,0.10654090344905853,0.22174934532132842
0.699169532781901,0.699169532781901,9.917361640371872e-05,9.917361640371873e-06,0.7985564470291138,0.29839855432510376,1.1086111068725586,0.7351887226104736,1.5526790330111637,0.19704128801822662,0.19181859493255615,0.058084677904844284,0.14898152649402618,0.312615372984746,0.25808235005505625,0.25808235005505625,0.2393006682395935,0.2269776463508606,0.5138674378395081,0.32671526074409485,0.6842561292071496,0.15057916939258575,0.12387912720441818,0.0488688126206398,0.10777571052312851,0.224289043476024
0.6836142976234756,0.6836142976234756,9.889627884386795e-05,9.889627884386795e-06,0.868704617023468,0.3013281524181366,1.1080784797668457,0.7593704462051392,1.5877914223755816,0.18824134767055511,0.18693016469478607,0.05675233155488968,0.14397463202476501,0.30210530908455396,0.26289115846157074,0.26289115846157074,0.4648597836494446,0.23017019033432007,0.6563023924827576,0.45044416189193726,0.9178867904889968,0.14366260170936584,0.12681537866592407,0.04685329273343086,0.1057770848274231,0.22154203417801088
0.6981336886724019,0.6981336886724019,9.857938970958174e-05,9.857938970958174e-06,0.8453229665756226,0.30382290482521057,1.098613977432251,0.7492532730102539,1.5744298166166628,0.19080695509910583,0.19147658348083496,0.05707458406686783,0.14645271003246307,0.30801238513088663,0.24633519207277604,0.24633519207277604,0.4202558994293213,0.22187559306621552,0.6618894338607788,0.43467363715171814,0.8818587768943079,0.13159015774726868,0.1191139742732048,0.04647637531161308,0.09906017035245895,0.20590096880351344
0.6425262664612618,0.6425262664612618,9.822320559080879e-05,9.822320559080879e-06,0.5733146667480469,0.279963880777359,0.8925036787986755,0.5819274187088013,1.2411378375013988,0.16796964406967163,0.17181825637817383,0.05381595715880394,0.13120129704475403,0.2744577402328104,0.22089858124813727,0.22089858124813727,0.22356557846069336,0.21182863414287567,0.4666579067707062,0.30068403482437134,0.6336984353200081,0.11552520841360092,0.11506665498018265,0.04649908095598221,0.09236364811658859,0.18959293466421864
0.6471485225601393,0.6471485225601393,9.7828014895244e-05,9.782801489524401e-06,0.8259927034378052,0.2916181981563568,1.0317473411560059,0.7164527773857117,1.4979010720477448,0.17308348417282104,0.17098300158977509,0.053468577563762665,0.132511705160141,0.2769167982854471,0.22727750542183076,0.22727750542183076,0.21949394047260284,0.21054327487945557,0.46535640954971313,0.2984645366668701,0.6268169043525573,0.11339214444160461,0.1266319304704666,0.04464542120695114,0.09488984197378159,0.1962964779306804
0.6416358277116112,0.6416358277116112,9.739413761480041e-05,9.73941376148004e-06,0.7589377164840698,0.28537726402282715,0.9826128482818604,0.6756426692008972,1.4122659618422029,0.17310117185115814,0.1710100620985031,0.05258776247501373,0.13223300874233246,0.27675112950199643,0.2803091929564553,0.2803091929564553,0.33779802918434143,0.22799570858478546,0.6263855695724487,0.3973931074142456,0.8293059336081627,0.1362801492214203,0.16404417157173157,0.04641890153288841,0.11558108031749725,0.24135416349576366
0.6421503292912046,0.6421503292912046,9.692192506650685e-05,9.692192506650685e-06,0.798009991645813,0.28278863430023193,1.0033016204833984,0.6947001218795776,1.4527846740047639,0.17240160703659058,0.17244207859039307,0.053463611751794815,0.13276910781860352,0.2782913142500871,0.2134028758493162,0.2134028758493162,0.2690001428127289,0.220694437623024,0.4619171619415283,0.31720393896102905,0.6671196909681443,0.11627977341413498,0.10443064570426941,0.043786823749542236,0.0881657525897026,0.18151862120195741
0.6404381772817618,0.6404381772817618,9.641175960804126e-05,9.641175960804126e-06,0.925405740737915,0.2810499966144562,1.027726650238037,0.7447274923324585,1.53148765627607,0.1647978127002716,0.16195474565029144,0.05234036222100258,0.1263643205165863,0.26346361055439843,0.21754475634905598,0.21754475634905598,0.2701711058616638,0.2062082439661026,0.5085433125495911,0.328307569026947,0.6769244783828335,0.11565744876861572,0.11179132759571075,0.04237068444490433,0.08993981778621674,0.18517848056170247
0.626412986990505,0.626412986990505,9.586405432812975e-05,9.586405432812976e-06,0.7759580016136169,0.2725454270839691,0.9195404648780823,0.6560146808624268,1.3678623067662035,0.15857063233852386,0.160378098487854,0.05202530324459076,0.12365801632404327,0.2575890157376036,0.2162488006776379,0.2162488006776379,0.330373615026474,0.19849516451358795,0.482693076133728,0.3371872901916504,0.7003045930497108,0.11176315695047379,0.11430606991052628,0.04271179065108299,0.08959367126226425,0.18376268812965962
0.6019935101852352,0.6019935101852352,9.527925271206252e-05,9.527925271206252e-06,0.6767162680625916,0.25929176807403564,0.8854576349258423,0.6071552038192749,1.2639952292740688,0.15241479873657227,0.146393820643425,0.04976286739110947,0.11619049310684204,0.24245606284122379,0.20384949217400244,0.20384949217400244,0.27181464433670044,0.20500294864177704,0.44036808609962463,0.30572858452796936,0.6363514649771875,0.10593690723180771,0.1060645803809166,0.04267241060733795,0.08489130437374115,0.17348958629994624
0.5992234245917827,0.5992234245917827,9.4657828282597e-05,9.4657828282597e-06,0.7837696671485901,0.2674039900302887,0.90740966796875,0.6528611183166504,1.3408089733493314,0.14991603791713715,0.14670611917972565,0.04910137876868248,0.11524118483066559,0.2399054168371738,0.21425725495623005,0.21425725495623005,0.22313889861106873,0.20778228342533112,0.42667490243911743,0.2858653664588928,0.5920442249025067,0.11800564080476761,0.10952899605035782,0.04272909462451935,0.09008791297674179,0.18504539156152355
0.5780002891196175,0.5780002891196175,9.400028421653925e-05,9.400028421653926e-06,0.5974324941635132,0.2549770772457123,0.8401959538459778,0.5642018914222717,1.1605460945555317,0.14583532512187958,0.1379219889640808,0.04715406149625778,0.11030378937721252,0.23071028520572337,0.20693414478052047,0.20693414478052047,0.21196314692497253,0.20105767250061035,0.4580155611038208,0.2903454899787903,0.6151145634151274,0.10617072135210037,0.1102624237537384,0.039467841386795044,0.08530032634735107,0.17658016319957473
0.5570695970964487,0.5570695970964487,9.330715293731415e-05,9.330715293731414e-06,0.5589563846588135,0.25114426016807556,0.7580887675285339,0.5227298736572266,1.0927013041436604,0.13625924289226532,0.13317398726940155,0.04736385494470596,0.10559903085231781,0.21943513893369418,0.20868907568435516,0.20868907568435516,0.19799740612506866,0.19398796558380127,0.4834882616996765,0.2918245494365692,0.62734369164513,0.1109866127371788,0.10817451775074005,0.04055878892540932,0.08657330274581909,0.17770086931845835
0.5593400474051794,0.5593400474051794,9.257899568385395e-05,9.257899568385395e-06,0.6529841423034668,0.2458120435476303,0.7774015665054321,0.5587326288223267,1.1645588782433116,0.1344643235206604,0.13339512050151825,0.046534743160009384,0.10479806363582611,0.21712842093509047,0.19015841576601228,0.19015841576601228,0.1972418874502182,0.18988348543643951,0.418945848941803,0.26869040727615356,0.566304162144661,0.1014006957411766,0.09626659005880356,0.03923019394278526,0.07896582782268524,0.16215937560604465
0.5544828061189772,0.5544828061189772,9.181640205615465e-05,9.181640205615466e-06,0.6576833128929138,0.24918760359287262,0.7872754335403442,0.5647154450416565,1.1720434019404082,0.1367647796869278,0.13129504024982452,0.04723166301846504,0.10509715974330902,0.21790231987577355,0.1864753272384405,0.1864753272384405,0.2509583830833435,0.19500911235809326,0.40905576944351196,0.2850077748298645,0.5980285812289484,0.09819205850362778,0.09381512552499771,0.0390966422855854,0.0770346149802208,0.1579672957980825
0.5879912142364905,0.5879912142364905,9.101998953786791e-05,9.101998953786791e-06,0.7992035746574402,0.25492429733276367,0.8602060675621033,0.6381113529205322,1.3231852234573234,0.14991140365600586,0.14614568650722504,0.04749296233057976,0.11451669037342072,0.2394297869809733,0.1921248802494618,0.1921248802494618,0.1914910227060318,0.18294398486614227,0.3970959186553955,0.2571769952774048,0.5396318603907863,0.10234855860471725,0.09863250702619553,0.0393676683306694,0.08011624217033386,0.16545543242846766
0.5550865569974196,0.5550865569974196,9.019040299631514e-05,9.019040299631514e-06,0.9568268060684204,0.2511148452758789,0.8712550401687622,0.6930655837059021,1.4386797488488505,0.13270343840122223,0.1332893669605255,0.04644661769270897,0.10414648056030273,0.21590551100970684,0.19406272080396453,0.19406272080396453,0.20121021568775177,0.2014351338148117,0.3778119385242462,0.2601524591445923,0.5410378789228778,0.10538982599973679,0.09776388853788376,0.04049276188015938,0.08121549338102341,0.16735741574197047
0.5450727235093866,0.5450727235093866,8.93283141603286e-05,8.93283141603286e-06,0.6637808680534363,0.2308989018201828,0.7781683206558228,0.5576159954071045,1.1564704189686497,0.12925110757350922,0.1274094581604004,0.044834036380052567,0.10049819946289062,0.20789611929798782,0.18878646309096966,0.18878646309096966,0.1942290961742401,0.18586976826190948,0.39500734210014343,0.25836873054504395,0.5432272567864387,0.10164768248796463,0.09534753113985062,0.03863149136304855,0.07854223251342773,0.1619337178286045
0.571115266236591,0.571115266236591,8.843442107634239e-05,8.843442107634239e-06,0.7373100519180298,0.23964351415634155,0.8093951940536499,0.5954496264457703,1.225656853956689,0.13305921852588654,0.13017213344573975,0.045726582407951355,0.10298597812652588,0.21365030470863414,0.18407292003112455,0.18407292003112455,0.20058095455169678,0.1957995891571045,0.3878600001335144,0.2614135146141052,0.5468505945417189,0.09959087520837784,0.08943892270326614,0.040309447795152664,0.07644641399383545,0.15706671395849797
0.5695828230181189,0.5695828230181189,8.750944754317365e-05,8.750944754317366e-06,0.7573514580726624,0.24344532191753387,0.8510910272598267,0.6172959804534912,1.2479418128489352,0.13466902077198029,0.12762343883514404,0.04517095535993576,0.10248780250549316,0.21316818762934167,0.18956001217086468,0.18956001217086468,0.2442847192287445,0.17873956263065338,0.42882341146469116,0.28394922614097595,0.5795453074237993,0.10034715384244919,0.09768251329660416,0.037592094391584396,0.07854058593511581,0.16193759158974694
0.5528943224903089,0.5528943224903089,8.655414252595166e-05,8.655414252595166e-06,0.7023756504058838,0.23943033814430237,0.7762609124183655,0.5726889371871948,1.165726747872772,0.12691378593444824,0.12330496311187744,0.044804926961660385,0.09834122657775879,0.20275857705028405,0.21965755816669233,0.21965755816669233,0.24008384346961975,0.1798865795135498,0.41731804609298706,0.27909618616104126,0.567214366889769,0.1319914311170578,0.1009117066860199,0.0400744304060936,0.0909925252199173,0.19267841122083126
0.554989065046836,0.554989065046836,8.556927954966931e-05,8.556927954966932e-06,0.5801685452461243,0.23642727732658386,0.7291930913925171,0.515263020992279,1.0537667563602107,0.13146300613880157,0.127188578248024,0.04451969638466835,0.10105709731578827,0.20942771547697442,0.19115551458972116,0.19115551458972116,0.30446577072143555,0.18243446946144104,0.4736345410346985,0.3201782703399658,0.6456315803431696,0.09685706347227097,0.09942535310983658,0.037398360669612885,0.07789359986782074,0.1612673538827127
0.5694231663998451,0.5694231663998451,8.455565607284828e-05,8.455565607284829e-06,0.7583565711975098,0.2381570190191269,0.7978145480155945,0.5981094241142273,1.2420078708985918,0.1300511211156845,0.13103258609771729,0.04453910514712334,0.10187427699565887,0.21161819654853692,0.18955542411535017,0.18955542411535017,0.29903942346572876,0.1781681925058365,0.44872191548347473,0.3086431920528412,0.6389800615368351,0.10361004620790482,0.09289092570543289,0.037692610174417496,0.07806453108787537,0.16010822247593634
0.5650365680764108,0.5650365680764108,8.351409284182467e-05,8.351409284182467e-06,0.8147381544113159,0.24492217600345612,0.8562781810760498,0.6386461853981018,1.3231968822216467,0.1291833221912384,0.12984265387058258,0.0448480024933815,0.10129132121801376,0.21100148577435557,0.18137352462978132,0.18137352462978132,0.17198607325553894,0.1760481745004654,0.360671728849411,0.23623532056808472,0.49517760473874306,0.09899789094924927,0.09298432618379593,0.03770444542169571,0.07656221836805344,0.1568931938419419
0.563276611054669,0.563276611054669,8.244543322617821e-05,8.244543322617822e-06,0.9279342293739319,0.24182496964931488,0.8817327618598938,0.6838306784629822,1.398619490841363,0.13060781359672546,0.13169527053833008,0.044985584914684296,0.10242956131696701,0.21324162461488036,0.17004383463532693,0.17004383463532693,0.18138396739959717,0.16902674734592438,0.341320276260376,0.2305769920349121,0.4802632074682943,0.0901002585887909,0.08769194781780243,0.035951487720012665,0.07124790549278259,0.14629660132190875
0.5502665629343105,0.5502665629343105,8.135054253584315e-05,8.135054253584316e-06,0.5975288152694702,0.22805258631706238,0.6954872608184814,0.5070229172706604,1.068249860566738,0.12369249016046524,0.12693731486797333,0.04329817369580269,0.09797599166631699,0.20400980628180038,0.17705654875645715,0.17705654875645715,0.18789105117321014,0.1667056381702423,0.34869858622550964,0.23443174362182617,0.487768906499109,0.09891977161169052,0.08916809409856796,0.03648621216416359,0.07485803216695786,0.15293719000633685
0.5442729618327626,0.5442729618327626,8.023030732045363e-05,8.023030732045363e-06,0.5792219638824463,0.218110129237175,0.7038201093673706,0.5003840923309326,1.0255796218849078,0.12369373440742493,0.11851270496845245,0.042422980070114136,0.09487646818161011,0.19617234504900352,0.1867556123723907,0.1867556123723907,0.1919873058795929,0.180024653673172,0.3520735800266266,0.2413618564605713,0.4996197497652423,0.10942372679710388,0.08811160922050476,0.03922051563858986,0.07891862094402313,0.1620790734887123
0.5578145861078212,0.5578145861078212,7.908563465149091e-05,7.908563465149091e-06,0.7268174886703491,0.2326323539018631,0.7585852146148682,0.5726783871650696,1.1787050298311406,0.1249077245593071,0.12554991245269775,0.043701183050870895,0.09805294126272202,0.20345917611835196,0.18800303291889928,0.18800303291889928,0.2931247353553772,0.17856548726558685,0.42659255862236023,0.2994275987148285,0.6225171348740978,0.10496637225151062,0.08878358453512192,0.03765345737338066,0.07713447511196136,0.1592195411963809
0.5595517129424519,0.5595517129424519,7.791745138781393e-05,7.791745138781393e-06,0.7281915545463562,0.22845210134983063,0.7490324378013611,0.5685586929321289,1.1848610768909433,0.12735581398010254,0.12676547467708588,0.044050708413124084,0.0993906706571579,0.20647475794898656,0.1707809431658637,0.1707809431658637,0.1848202794790268,0.16558946669101715,0.34391194581985474,0.23144057393074036,0.4822516780226461,0.09378719329833984,0.08575782924890518,0.03564828261733055,0.07173110544681549,0.14696045087710505
0.5364549371802027,0.5364549371802027,7.672670342516748e-05,7.672670342516749e-06,0.6308956742286682,0.22204706072807312,0.6973216533660889,0.5167548060417175,1.0695722108251329,0.12137850373983383,0.1168196052312851,0.043034832924604416,0.09374432265758514,0.19429649966934656,0.18599638571181604,0.18599638571181604,0.23802809417247772,0.17491991817951202,0.404827743768692,0.2725919187068939,0.5575979227019895,0.10313554853200912,0.09490406513214111,0.035593122243881226,0.07787758111953735,0.15951104281890777
0.5263078834788808,0.5263078834788808,7.551435493027607e-05,7.5514354930276075e-06,0.6680355668067932,0.21751360595226288,0.7412581443786621,0.5422691106796265,1.100512251959329,0.11833737045526505,0.11144904792308807,0.041832808405160904,0.09053974598646164,0.187564913709525,0.17829696749967913,0.17829696749967913,0.18944038450717926,0.17140710353851318,0.3693339228630066,0.24339380860328674,0.5082572731039217,0.09750577062368393,0.08990700542926788,0.03714989125728607,0.07485422492027283,0.1531745561909291
0.5207089323606064,0.5207089323606064,7.428138756014354e-05,7.4281387560143535e-06,0.5803954601287842,0.21797533333301544,0.6734825968742371,0.4906178414821625,1.0123869558597405,0.11738933622837067,0.11162998527288437,0.041387416422367096,0.0901355892419815,0.18638114319808446,0.19475615427138343,0.19475615427138343,0.25835171341896057,0.17512109875679016,0.4010656177997589,0.27817949652671814,0.5597218183740493,0.10980411618947983,0.09837321937084198,0.0381120890378952,0.08209647238254547,0.1683308989290268
0.5249955708205906,0.5249955708205906,7.302879966719037e-05,7.3028799667190365e-06,0.6840506792068481,0.21208862960338593,0.738037645816803,0.5447256565093994,1.1224493498643422,0.12013676017522812,0.11527658998966217,0.041733771562576294,0.09238237142562866,0.19086973478613437,0.1746403326590856,0.1746403326590856,0.13748860359191895,0.16037584841251373,0.4007534980773926,0.23287265002727509,0.5051093498865763,0.09057055413722992,0.0905548483133316,0.03414414823055267,0.0717565193772316,0.1496572494506836
0.5204974253128372,0.5204974253128372,7.175760549087262e-05,7.175760549087263e-06,0.6545577645301819,0.21908552944660187,0.703823447227478,0.5258222818374634,1.0860245070419137,0.11865478754043579,0.11272463202476501,0.04246401786804199,0.09128114581108093,0.18809892018202662,0.1705507238705953,0.1705507238705953,0.17275935411453247,0.16042152047157288,0.3471217751502991,0.22676753997802734,0.47116448481877643,0.09376385062932968,0.09050537645816803,0.0283017810434103,0.07085700333118439,0.14725603659947714
0.5188918355617129,0.5188918355617129,7.046883433643682e-05,7.046883433643682e-06,0.6538893580436707,0.21337760984897614,0.6911112070083618,0.5194593667984009,1.0812257840699087,0.11896692961454391,0.11475280672311783,0.04144734889268875,0.09172236174345016,0.19012544949108096,0.1609541823466619,0.1609541823466619,0.18139337003231049,0.15154743194580078,0.37130701541900635,0.23474928736686707,0.49224575360616046,0.08793440461158752,0.07981941103935242,0.03439906984567642,0.06738429516553879,0.13656219591697058
0.5243397023182376,0.5243397023182376,6.916352974147581e-05,6.916352974147581e-06,0.7105348110198975,0.21232394874095917,0.6871373057365417,0.5366653800010681,1.1220025160145677,0.11948545277118683,0.11887042969465256,0.04161745682358742,0.0933244451880455,0.19294032514369036,0.1568524440129598,0.1568524440129598,0.16351696848869324,0.13733252882957458,0.42380815744400024,0.24155256152153015,0.5049782196680704,0.08261120319366455,0.07472539693117142,0.03484727442264557,0.06406129896640778,0.1318232218424479
0.5039413083434515,0.5039413083434515,6.784274863096056e-05,6.7842748630960565e-06,0.6627280712127686,0.21355418860912323,0.6906479597091675,0.5223100781440735,1.0781227337574986,0.11409565806388855,0.11150055378675461,0.04024795442819595,0.08861472457647324,0.18388021843407376,0.17042302588621774,0.17042302588621774,0.1743975132703781,0.1549326479434967,0.4079732298851013,0.24576780200004578,0.5222545663515726,0.09452490508556366,0.08788107335567474,0.028794828802347183,0.07040026783943176,0.14465505878130594
0.5069410393076567,0.5069410393076567,6.650756046143191e-05,6.650756046143192e-06,0.6516571640968323,0.21249769628047943,0.6844701170921326,0.5162083506584167,1.066882401191545,0.11249620467424393,0.11580593138933182,0.04117316007614136,0.0898250937461853,0.185358452408582,0.14835734417041144,0.14835734417041144,0.15218469500541687,0.1569603532552719,0.3255575895309448,0.21156755089759827,0.4401722153027852,0.07859523594379425,0.07976901531219482,0.02872151881456375,0.06236192584037781,0.1265924721956253
0.4985440772039608,0.4985440772039608,6.515904635504539e-05,6.515904635504539e-06,0.6101083159446716,0.2063804715871811,0.6408061385154724,0.4857649803161621,1.0182429346780963,0.10982850939035416,0.1095849797129631,0.04034982621669769,0.08658777922391891,0.1788381030344662,0.1705197443564733,0.1705197443564733,0.1909351348876953,0.16448885202407837,0.39637333154678345,0.25059911608695984,0.5214284757773081,0.07921501249074936,0.09733740985393524,0.034923166036605835,0.07049186527729034,0.14479407668113708
0.5009953157567814,0.5009953157567814,6.379829822417009e-05,6.37982982241701e-06,0.7522457838058472,0.21200037002563477,0.7096590399742126,0.5579683780670166,1.1659146114482397,0.11143629997968674,0.10949099808931351,0.03997214138507843,0.08696647733449936,0.1801229197142729,0.14785135785738626,0.14785135785738626,0.14380280673503876,0.16283705830574036,0.3349348306655884,0.2138582468032837,0.4458945095539093,0.08226462453603745,0.0700770914554596,0.0306764617562294,0.06100606173276901,0.12579315652449927
0.48676872978801705,0.48676872978801705,6.242641788725079e-05,6.242641788725079e-06,0.7297162413597107,0.21311365067958832,0.7186146974563599,0.5538148880004883,1.1262613520214395,0.10629832744598389,0.10436246544122696,0.03973286598920822,0.08346455544233322,0.17160054336459163,0.15636535982290903,0.15636535982290903,0.1495201289653778,0.12795935571193695,0.3559947907924652,0.21115809679031372,0.45346279939015705,0.08837723731994629,0.07437890022993088,0.027171190828084946,0.06330911815166473,0.1340187763174375
0.49607823684760266,0.49607823684760266,6.104451617664862e-05,6.104451617664862e-06,0.6751357316970825,0.20768414437770844,0.6784915328025818,0.5204371213912964,1.0760652707241707,0.11174487322568893,0.10709412395954132,0.03952880576252937,0.08612260222434998,0.17831246555706937,0.15963353961706161,0.15963353961706161,0.14383399486541748,0.15790051221847534,0.3623631000518799,0.22136586904525757,0.45416117707888287,0.09864404052495956,0.07232547551393509,0.02821940928697586,0.0663963109254837,0.13712814698616663
0.49416296278157545,0.49416296278157545,5.9653712039183345e-05,5.965371203918334e-06,0.6486141681671143,0.2050916999578476,0.6677753925323486,0.5071604251861572,1.049202729722252,0.10974150896072388,0.10691401362419128,0.040253471583127975,0.08563634008169174,0.17690402813401207,0.14327160020669302,0.14327160020669302,0.13087114691734314,0.1351993829011917,0.3215314745903015,0.19586734473705292,0.40902799367904663,0.074680857360363,0.07452446222305298,0.030322860926389694,0.059842728078365326,0.12308104336261749
0.4725719770730979,0.4725719770730979,5.8255131630105074e-05,5.825513163010507e-06,0.74308842420578,0.21135401725769043,0.6858291625976562,0.5467572212219238,1.1249856238866098,0.10586978495121002,0.09954734146595001,0.03943265229463577,0.0816165953874588,0.168259754511779,0.15322320659955344,0.15322320659955344,0.14499686658382416,0.15399672091007233,0.3856697976589203,0.2282211184501648,0.48387145002683,0.0852055698633194,0.07418067753314972,0.03066263161599636,0.06334962695837021,0.12930136919021606
0.4670220593292048,0.4670220593292048,5.684990740122922e-05,5.684990740122922e-06,0.7081092000007629,0.19877523183822632,0.663491427898407,0.5234586596488953,1.0820517488995869,0.10336962342262268,0.0971408560872078,0.03949035331606865,0.08000028133392334,0.16411642625876602,0.13246826330820718,0.13246826330820718,0.14457637071609497,0.15288130939006805,0.2823030948638916,0.19325360655784607,0.4028511643409729,0.07958164811134338,0.06010328233242035,0.026251457631587982,0.055312126874923706,0.1125580221414566
0.4692355261604493,0.4692355261604493,5.5439177183973116e-05,5.5439177183973115e-06,0.7220080494880676,0.20467084646224976,0.65738844871521,0.5280224680900574,1.088192416455524,0.10360051691532135,0.09937285631895065,0.038449231535196304,0.08047419786453247,0.1663105309642552,0.16174621134996414,0.16174621134996414,0.16625794768333435,0.1709318608045578,0.33549508452415466,0.22422830760478973,0.4537990093231201,0.0929381474852562,0.0733465850353241,0.035902634263038635,0.06739579141139984,0.13921177635590234
0.4633616433146353,0.4633616433146353,5.402408326803649e-05,5.40240832680365e-06,0.5549180507659912,0.19099628925323486,0.5833670496940613,0.44309383630752563,0.92386984493237,0.10232550650835037,0.09699691087007523,0.03761793300509453,0.07898011803627014,0.16256494662723367,0.14336550484100977,0.14336550484100977,0.1624225378036499,0.1577920913696289,0.32058843970298767,0.2136010378599167,0.4358081817626953,0.07807137072086334,0.0694018304347992,0.029179824516177177,0.05888434499502182,0.12176717817783356
0.45442339500795137,0.45442339500795137,5.260577147647233e-05,5.2605771476472326e-06,0.5494248867034912,0.19691146910190582,0.5998240113258362,0.4487200975418091,0.9223618949458738,0.09924142807722092,0.09499883651733398,0.03810937702655792,0.07744988054037094,0.15861971520665866,0.14272814492384592,0.14272814492384592,0.1413162797689438,0.14183983206748962,0.38815852999687195,0.22377154231071472,0.47385408480962116,0.06953491270542145,0.07619933784008026,0.029584579169750214,0.05843961238861084,0.11925045152505238
0.4591660577927884,0.4591660577927884,5.118539023789636e-05,5.118539023789636e-06,0.6870067715644836,0.19424960017204285,0.6547818183898926,0.5120127201080322,1.0577176400084993,0.09924428910017014,0.09640838205814362,0.03774656727910042,0.07779975235462189,0.15927858832885697,0.15415433049201965,0.15415433049201965,0.1571132242679596,0.20614486932754517,0.31701162457466125,0.22675657272338867,0.452326903740565,0.07891802489757538,0.07703198492527008,0.0374440997838974,0.06446470320224762,0.13188061118125916
0.4629331351558322,0.4629331351558322,4.9764089656587005e-05,4.976408965658701e-06,0.5830328464508057,0.19745232164859772,0.6195173859596252,0.466667503118515,0.9704318387021154,0.09921902418136597,0.0988699421286583,0.03789680823683739,0.07866193354129791,0.1619680973558968,0.13731401413679123,0.13731401413679123,0.15398097038269043,0.1331126093864441,0.30939143896102905,0.1988283395767212,0.4184849758942922,0.07547222077846527,0.06964151561260223,0.02721846103668213,0.05744406580924988,0.11675808827082317
0.4614507144682717,0.4614507144682717,4.834302058122852e-05,4.834302058122852e-06,0.6887041926383972,0.19800007343292236,0.67739337682724,0.5213658809661865,1.0692479282651786,0.09993065893650055,0.09869836270809174,0.03781347721815109,0.07881416380405426,0.16235461093733422,0.14076862235864004,0.14076862235864004,0.13688187301158905,0.1558886021375656,0.26762136816978455,0.18679729104042053,0.3848487635453542,0.07061274349689484,0.07417064905166626,0.035282693803310394,0.0600220263004303,0.12184474617242813
0.4687997518464427,0.4687997518464427,4.69233336730512e-05,4.69233336730512e-06,0.6724607944488525,0.2024233341217041,0.6402748823165894,0.5050530433654785,1.0546459022537302,0.10315758734941483,0.10194209963083267,0.03859028220176697,0.08122998476028442,0.16692421366337656,0.14658838510513306,0.14658838510513306,0.16778253018856049,0.16071303188800812,0.30456316471099854,0.2110195755958557,0.428534855445226,0.08365075290203094,0.06895221769809723,0.03357584774494171,0.06205960735678673,0.12518386791149774
0.45491588895821816,0.45491588895821816,4.550617847412366e-05,4.5506178474123654e-06,0.6320456862449646,0.19618414342403412,0.6415339112281799,0.4899212718009949,1.0030586298311346,0.10010445863008499,0.0960693359375,0.03732263296842575,0.07783214747905731,0.16022036092871228,0.169804647564888,0.169804647564888,0.15267065167427063,0.15566593408584595,0.3240548372268677,0.21079716086387634,0.43485228220621747,0.09024167060852051,0.09383388608694077,0.03197884559631348,0.07201813906431198,0.1482055832942327
0.4515883010030477,0.4515883010030477,4.409270247655097e-05,4.4092702476550974e-06,0.698846161365509,0.19743186235427856,0.6513039469718933,0.5158606767654419,1.0573140058397015,0.09659624099731445,0.09569435566663742,0.037103038281202316,0.07646454870700836,0.1571697638071774,0.14239013195037842,0.14239013195037842,0.14541132748126984,0.13054047524929047,0.3294847011566162,0.20181217789649963,0.4357783794403076,0.07804001867771149,0.07396338880062103,0.025277912616729736,0.05909377336502075,0.12089366962512334
0.44848715280418966,0.44848715280418966,4.268405019333296e-05,4.268405019333296e-06,0.5655576586723328,0.1893371045589447,0.5705888867378235,0.4418278932571411,0.9262885564059259,0.09709542244672775,0.09369993954896927,0.03757666423916817,0.07612401247024536,0.15605480116113046,0.1385229080915451,0.1385229080915451,0.18739503622055054,0.1613689661026001,0.3112333416938782,0.21999911963939667,0.4432448943456014,0.06961541622877121,0.07371099293231964,0.02717863768339157,0.05683501809835434,0.11660000433524449
0.44500042954898184,0.44500042954898184,4.1281362231634675e-05,4.128136223163467e-06,0.6689373850822449,0.1925910860300064,0.6138602495193481,0.49179622530937195,1.0215439054298072,0.09532050043344498,0.09050767123699188,0.03626595437526703,0.07403138279914856,0.15211176382106154,0.1389791245261828,0.1389791245261828,0.1413935422897339,0.1707153171300888,0.2963150143623352,0.2028079628944397,0.4174867272377014,0.07567426562309265,0.06814546883106232,0.032264284789562225,0.05869467183947563,0.11831028014421463
0.45218181377437167,0.45218181377437167,3.988577436921932e-05,3.988577436921932e-06,0.6950443983078003,0.19515737891197205,0.662824273109436,0.5176753997802734,1.0575408330946374,0.09715215861797333,0.09416695684194565,0.03733837604522705,0.07621916383504868,0.1559272481280408,0.14068623383839926,0.14068623383839926,0.1604953408241272,0.17775849997997284,0.37044426798820496,0.2362326979637146,0.4914838174978892,0.08057498931884766,0.06502440571784973,0.028276091441512108,0.05795849487185478,0.11640652517477672
0.443188834819947,0.443188834819947,3.849841663479178e-05,3.849841663479178e-06,0.7031075954437256,0.1889289915561676,0.6494819521903992,0.5138395428657532,1.0522054604903701,0.09506631642580032,0.09194082766771317,0.03698184713721275,0.07466299831867218,0.1533443079288326,0.15314558645089468,0.15314558645089468,0.14808091521263123,0.1587337851524353,0.32536372542381287,0.21072614192962646,0.4401721656322479,0.08681153506040573,0.07541316747665405,0.030485114082694054,0.0642366111278534,0.13140888512134552
0.43108535562262335,0.43108535562262335,3.7120412392997264e-05,3.7120412392997264e-06,0.5755890607833862,0.18598870933055878,0.5828003883361816,0.44812604784965515,0.9190096226953886,0.09143101423978806,0.08713163435459137,0.03615150600671768,0.07157138735055923,0.14633744089392653,0.14174135774374008,0.14174135774374008,0.14518877863883972,0.14259135723114014,0.3253348469734192,0.20437166094779968,0.43085717658201855,0.07419193536043167,0.0729353278875351,0.03215731680393219,0.05976152420043945,0.1203908771276474
0.434145077874822,0.434145077874822,3.5752877434815797e-05,3.5752877434815793e-06,0.6741239428520203,0.19141222536563873,0.6358938217163086,0.5004767179489136,1.0179460724103602,0.09392455965280533,0.0866207480430603,0.03594173491001129,0.07216235250234604,0.14799062625412004,0.13886904219786325,0.13886904219786325,0.17140084505081177,0.1501476764678955,0.3537232279777527,0.22509059309959412,0.45490971207618713,0.07536230981349945,0.06258261948823929,0.03327001631259918,0.05707164853811264,0.11638876795768738
0.4258077193551989,0.4258077193551989,3.439691907408929e-05,3.4396919074089287e-06,0.5586972236633301,0.18047650158405304,0.5745985507965088,0.4379241168498993,0.8989947705468683,0.09210969507694244,0.08707886189222336,0.03571084141731262,0.07163313031196594,0.146753438980448,0.14544086903333664,0.14544086903333664,0.1616942584514618,0.17402015626430511,0.39526766538619995,0.24366068840026855,0.5164387424786886,0.07697592675685883,0.0672784075140953,0.030160319060087204,0.05813822150230408,0.1199636956055959
0.42636036842069175,0.42636036842069175,3.305363525091281e-05,3.305363525091281e-06,0.6199871301651001,0.18321380019187927,0.6161401271820068,0.4731137156486511,0.9589314005678748,0.09078726172447205,0.08688824623823166,0.03584430366754532,0.0711732730269432,0.1456620597401388,0.134035994609197,0.134035994609197,0.1450946182012558,0.15248650312423706,0.33160531520843506,0.20972882211208344,0.42678220570087433,0.0668833777308464,0.0667252391576767,0.0345141664147377,0.0560409277677536,0.11294389764467876
0.42381220446935886,0.42381220446935886,3.1724113642615686e-05,3.1724113642615685e-06,0.5403419733047485,0.18704617023468018,0.566602885723114,0.4313303232192993,0.8993037970892734,0.08873221278190613,0.08530580252408981,0.03584618866443634,0.06996139883995056,0.14333206739375018,0.1250441571076711,0.1250441571076711,0.1373385637998581,0.15124228596687317,0.2722444236278534,0.1869417428970337,0.38909410933653515,0.06668418645858765,0.06295857578516006,0.02664811536669731,0.05209696292877197,0.10582819084326427
0.4258711429400504,0.4258711429400504,3.040943078305262e-05,3.0409430783052624e-06,0.6382766962051392,0.18449246883392334,0.600972592830658,0.4745805859565735,0.9722528582872945,0.0907435193657875,0.0897521898150444,0.03622572124004364,0.07224048674106598,0.14764445911489862,0.12641540666421255,0.12641540666421255,0.14494770765304565,0.14621150493621826,0.24759846925735474,0.17958590388298035,0.3696004052956899,0.07206758856773376,0.06279446184635162,0.02676713839173317,0.053876396268606186,0.10820661733547847
0.42713121493292455,0.42713121493292455,2.911065119091804e-05,2.911065119091804e-06,0.6805378198623657,0.1903359442949295,0.626118540763855,0.49899744987487793,1.0260606073142466,0.08984951674938202,0.08695323765277863,0.035432763397693634,0.07074517756700516,0.1452096639934555,0.14232865969340006,0.14232865969340006,0.14975085854530334,0.16077332198619843,0.3227086663246155,0.21107761561870575,0.43294234077135724,0.07136586308479309,0.07864795625209808,0.030245110392570496,0.06008630990982056,0.12097893158594768
0.4182651851809531,0.4182651851809531,2.7828826507788857e-05,2.782882650778886e-06,0.6247864961624146,0.18732640147209167,0.5995811223983765,0.47056469321250916,0.9577673139514661,0.0899224579334259,0.08597342669963837,0.03590558469295502,0.0706004947423935,0.14424432733713144,0.13761407633622488,0.13761407633622488,0.1612354815006256,0.1553657054901123,0.33809635043144226,0.21823251247406006,0.4553699592749278,0.07346384227275848,0.06366553157567978,0.03503498435020447,0.05738811939954758,0.11526981244484584
0.4174006212797833,0.4174006212797833,2.656499464659459e-05,2.656499464659459e-06,0.5465123653411865,0.178032785654068,0.57276850938797,0.43243786692619324,0.8804928190946305,0.08893772214651108,0.08514881134033203,0.03559219464659691,0.06989291310310364,0.14330761298006903,0.1388226474324862,0.1388226474324862,0.1277438849210739,0.15141776204109192,0.3530404269695282,0.21073400974273682,0.437709520260493,0.08033062517642975,0.06379139423370361,0.030373577028512955,0.05816520005464554,0.11722359557946523
0.4314667575668659,0.4314667575668659,2.5320178951203294e-05,2.5320178951203294e-06,0.635758638381958,0.18581795692443848,0.6047487258911133,0.4754417836666107,0.9802653367634345,0.09516660124063492,0.08852081745862961,0.03611686825752258,0.0732681006193161,0.1508883095328214,0.1264229640364647,0.1264229640364647,0.14132937788963318,0.1471986174583435,0.2525486648082733,0.18035888671875,0.365419606367747,0.07166292518377304,0.06059844791889191,0.026522886008024216,0.05292808637022972,0.10836701840162277
0.42569134012292364,0.42569134012292364,2.4095387367804454e-05,2.4095387367804454e-06,0.7775548696517944,0.18643906712532043,0.6556284427642822,0.5398741364479065,1.1072521633484607,0.08828418701887131,0.086497463285923,0.03538987785577774,0.07005717605352402,0.14323623057553195,0.13861270248889923,0.13861270248889923,0.13202999532222748,0.15403616428375244,0.3193720281124115,0.2018127292394638,0.4090702335039775,0.07877635210752487,0.06864237785339355,0.025573816150426865,0.0576641820371151,0.11825171113014221
0.4177849989739406,0.4177849989739406,2.289161162875987e-05,2.289161162875987e-06,0.6935219764709473,0.18244674801826477,0.6030198335647583,0.4929961860179901,1.0136575521270388,0.08851257711648941,0.08395746350288391,0.03529779240489006,0.06925594806671143,0.14140859451551252,0.1343603034814199,0.1343603034814199,0.13865399360656738,0.1714385449886322,0.29417967796325684,0.20142409205436707,0.4029747545719147,0.07775808125734329,0.06396495550870895,0.028469529002904892,0.056730858981609344,0.11439682294925053
0.41768226431240035,0.41768226431240035,2.170982644958258e-05,2.1709826449582583e-06,0.655278742313385,0.18354195356369019,0.5968040823936462,0.47854161262512207,0.9804654202491353,0.0886622816324234,0.08427003026008606,0.03535257652401924,0.06942829489707947,0.14180310739441662,0.12513417750597,0.12513417750597,0.14702345430850983,0.14813357591629028,0.2722913920879364,0.18914948403835297,0.38244691491127014,0.06805022060871124,0.059666793793439865,0.0265678521245718,0.05142828822135925,0.10618285834789276
0.4199862375290878,0.4199862375290878,2.0550988739695134e-05,2.0550988739695136e-06,0.661527156829834,0.18317250907421112,0.5995727181434631,0.48142409324645996,0.9916178390092882,0.08926299959421158,0.08646455407142639,0.03500211983919144,0.0702432245016098,0.1439458418949737,0.14231844246387482,0.14231844246387482,0.1504504680633545,0.13586124777793884,0.3628969192504883,0.21640288829803467,0.45525620381037396,0.086739681661129,0.06204100698232651,0.0289829783141613,0.05925455689430237,0.11988907059033711
0.4085846547589099,0.4085846547589099,1.9416036827605366e-05,1.9416036827605367e-06,0.6560848355293274,0.18386101722717285,0.5892768502235413,0.47640758752822876,0.9861877419302576,0.08575892448425293,0.08327136188745499,0.03513665497303009,0.0680556520819664,0.1391314339025286,0.13647219041983286,0.13647219041983286,0.12320061773061752,0.15047670900821686,0.2770526707172394,0.18357667326927185,0.3781367540359497,0.08148930966854095,0.060953494161367416,0.029762065038084984,0.0574016235768795,0.11775913337866466
0.4151425864953809,0.4151425864953809,1.830588970112759e-05,1.830588970112759e-06,0.7271745800971985,0.18131305277347565,0.6199477314949036,0.5094784498214722,1.0474150870273362,0.08874455094337463,0.08236993104219437,0.035545773804187775,0.06888675689697266,0.14141189000739296,0.12914720674355826,0.12914720674355826,0.1461258828639984,0.1418883204460144,0.3067489564418793,0.19825439155101776,0.407260740796725,0.07244905829429626,0.05999167263507843,0.027718693017959595,0.05338647589087486,0.10903677344322205
0.41681023143941853,0.41681023143941853,1.722144626326417e-05,1.722144626326417e-06,0.8344500660896301,0.18571247160434723,0.6815105676651001,0.567224383354187,1.1515048661372966,0.08700183779001236,0.08471622318029404,0.03549421951174736,0.06907075643539429,0.14083731099193322,0.1252831444144249,0.1252831444144249,0.11760787665843964,0.15093466639518738,0.2581700086593628,0.17557084560394287,0.36044377088546753,0.06855207681655884,0.05936482548713684,0.029502656310796738,0.05247318744659424,0.10740466664234798
0.40859941228043745,0.40859941228043745,1.6163584604350102e-05,1.6163584604350103e-06,0.7267204523086548,0.18285109102725983,0.6047600507736206,0.504777193069458,1.042733457106263,0.08622231334447861,0.08257078379392624,0.034656912088394165,0.06781667470932007,0.13842308090146455,0.14407374461491904,0.14407374461491904,0.14680081605911255,0.14092132449150085,0.2939920425415039,0.19390472769737244,0.4056776762008667,0.07464674115180969,0.07750479876995087,0.03143520653247833,0.061195582151412964,0.1242063840230306
0.4146245758719614,0.4146245758719614,1.5133161291049942e-05,1.5133161291049941e-06,0.7752208113670349,0.18229681253433228,0.6315556168556213,0.5296911001205444,1.0915528223448863,0.08559112995862961,0.08284180611371994,0.03470921888947487,0.06771405786275864,0.13836298792288307,0.13911392291386923,0.13911392291386923,0.1342543661594391,0.15084123611450195,0.27235692739486694,0.18581752479076385,0.3802212377389272,0.07924386858940125,0.06997435539960861,0.024418935179710388,0.05787905305624008,0.12042040874560674
0.4128812874157311,0.4128812874157311,1.4131010672782737e-05,1.4131010672782736e-06,0.776544451713562,0.18554647266864777,0.6445983648300171,0.5355631113052368,1.0880996533910114,0.08555302023887634,0.08194265514612198,0.03459742292761803,0.06736436486244202,0.13755057178155425,0.1309102326631546,0.1309102326631546,0.13377520442008972,0.16225665807724,0.3273842930793762,0.20780539512634277,0.4335944950580597,0.0691506415605545,0.06039924919605255,0.03338955342769623,0.05431314930319786,0.10953110704819362
0.40463974685263826,0.40463974685263826,1.3157944206136622e-05,1.315794420613662e-06,0.6914507746696472,0.179554283618927,0.5948737263679504,0.48862624168395996,0.9983875598548885,0.08334948867559433,0.0797802209854126,0.03450237214565277,0.06587736308574677,0.1343138612610054,0.1354985237121582,0.1354985237121582,0.13885381817817688,0.15753522515296936,0.32152682542800903,0.20597195625305176,0.4200074275334676,0.07080914825201035,0.0682278424501419,0.027401532977819443,0.0554795078933239,0.11466232935587566
0.40281448216443766,0.40281448216443766,1.2214749797820103e-05,1.2214749797820103e-06,0.634838879108429,0.17689499258995056,0.5992044806480408,0.47031280398368835,0.9643865818613295,0.08439951390028,0.08037491887807846,0.0340164378285408,0.06626363098621368,0.13548180341173122,0.12579060097535452,0.12579060097535452,0.14722338318824768,0.15984083712100983,0.2846006453037262,0.19722162187099457,0.3977438112099965,0.06345503777265549,0.06796903908252716,0.026277434080839157,0.052567169070243835,0.10610794772704442
0.40306139353290626,0.40306139353290626,1.130219116668198e-05,1.130219116668198e-06,0.711303174495697,0.18317271769046783,0.619205892086029,0.5045605897903442,1.0290420787616383,0.08340699970722198,0.0791872888803482,0.03470800071954727,0.06576742976903915,0.1341947189325854,0.12811203052600226,0.12811203052600226,0.13867682218551636,0.1546645611524582,0.32598376274108887,0.206441730260849,0.42815791567166644,0.07488662004470825,0.05200782045722008,0.02940376102924347,0.052099402993917465,0.10698294391234715
0.398610268151719,0.398610268151719,1.0421007225316647e-05,1.0421007225316646e-06,0.7233102321624756,0.18123961985111237,0.6189554929733276,0.5078351497650146,1.0350191049303445,0.08194921910762787,0.07883445918560028,0.03433438390493393,0.06503935903310776,0.1323302626250532,0.11420534054438274,0.11420534054438274,0.1361810863018036,0.1402103155851364,0.2950596511363983,0.1904836893081665,0.3919481386741002,0.06444385647773743,0.048090897500514984,0.027855757623910904,0.04679683968424797,0.09479641169309616
0.3934298632784087,0.3934298632784087,9.571911481755273e-06,9.571911481755272e-07,0.642292320728302,0.17433536052703857,0.5860264301300049,0.4675513505935669,0.9520524719347225,0.08374706655740738,0.0783514678478241,0.03414268046617508,0.06541374325752258,0.13352567144807526,0.12137159953514735,0.12137159953514735,0.13746154308319092,0.15220633149147034,0.31134527921676636,0.2003377377986908,0.4131915916999181,0.062217097729444504,0.0608346089720726,0.025539806112647057,0.0495305061340332,0.10096103449662526
0.4014233137586771,0.4014233137586771,8.755591461727536e-06,8.755591461727536e-07,0.750188946723938,0.17960195243358612,0.6319171190261841,0.5205693244934082,1.0614079079247507,0.08527743816375732,0.07959294319152832,0.03420651704072952,0.06635896861553192,0.13535774590706307,0.12043340255816777,0.12043340255816777,0.13797655701637268,0.14368000626564026,0.31827205419540405,0.19997620582580566,0.41157891352971393,0.06378545612096786,0.05580604821443558,0.03012688457965851,0.049906130880117416,0.10015490899483363
0.39780372932091373,0.39780372932091373,7.972708151961586e-06,7.972708151961586e-07,0.7322090268135071,0.18227055668830872,0.6173529028892517,0.510610818862915,1.044674652589038,0.08109449595212936,0.07942793518304825,0.03381388261914253,0.06477877497673035,0.13199626842575699,0.12351554135481517,0.12351554135481517,0.12814819812774658,0.13818591833114624,0.2748061418533325,0.18038009107112885,0.36560508112112683,0.06992354989051819,0.05660932511091232,0.029935788363218307,0.052156221121549606,0.10536904633045197
0.39544808135788145,0.39544808135788145,7.22389546497305e-06,7.223895464973052e-07,0.7623147964477539,0.17905746400356293,0.6297767162322998,0.5237163305282593,1.0678563613773897,0.08344996720552444,0.07912808656692505,0.03411959856748581,0.06556588411331177,0.13358535480725095,0.12732364734013876,0.12732364734013876,0.12021990865468979,0.15036508440971375,0.2850775718688965,0.185220867395401,0.3831620117028554,0.0675022155046463,0.0638921707868576,0.028766987845301628,0.053387127816677094,0.10838961849610011
0.39323498970742343,0.39323498970742343,6.5097597257764e-06,6.509759725776401e-07,0.6770778298377991,0.1772981584072113,0.6048438549041748,0.4864066243171692,0.9932985303390998,0.08181764930486679,0.07673362642526627,0.034011635929346085,0.06418763846158981,0.1309083048361177,0.12568159898122153,0.12568159898122153,0.13865941762924194,0.16297605633735657,0.27718156576156616,0.19293901324272156,0.38825273513793945,0.06391047686338425,0.0677938386797905,0.026985447853803635,0.052896589040756226,0.10656354327996571
0.396989821378317,0.396989821378317,5.830879180934423e-06,5.830879180934423e-07,0.7628411054611206,0.18324004113674164,0.6451219916343689,0.5304010510444641,1.0786620321182103,0.08196397870779037,0.07842864096164703,0.034248389303684235,0.06488034129142761,0.13214530181631565,0.12674679358800253,0.12674679358800253,0.14212137460708618,0.15674380958080292,0.287514865398407,0.1954600214958191,0.39432720343271893,0.06287674605846405,0.06743194907903671,0.030770298093557358,0.05369299650192261,0.10738637546698253
0.3949527033742616,0.3949527033742616,5.187803530343146e-06,5.187803530343147e-07,0.811261773109436,0.18157421052455902,0.6410049796104431,0.5446136593818665,1.1138787769662253,0.08136682212352753,0.07879877835512161,0.03401833772659302,0.06472798436880112,0.13220692892162178,0.11841940134763718,0.11841940134763718,0.13333912193775177,0.14890319108963013,0.34022197127342224,0.20748810470104218,0.4323507646719615,0.06286457180976868,0.05549890920519829,0.026535898447036743,0.048299796879291534,0.09710621337095897
0.39462556287081724,0.39462556287081724,4.581053482131504e-06,4.5810534821315047e-07,0.7807046175003052,0.17815160751342773,0.6318727135658264,0.5302430391311646,1.0816355560971456,0.08254271000623703,0.07890287041664124,0.034196093678474426,0.0652138888835907,0.13273026924216788,0.13574888308842978,0.13574888308842978,0.1398090273141861,0.14279034733772278,0.3540360927581787,0.21221181750297546,0.44680436452229816,0.07473674416542053,0.06363647431135178,0.02848607860505581,0.05561976879835129,0.11361445238192876
0.3934794487314027,0.3934794487314027,4.011120331036033e-06,4.0111203310360344e-07,0.7058010697364807,0.17771993577480316,0.5991119742393494,0.49421101808547974,1.0112854202805102,0.08146592974662781,0.07799196243286133,0.03396422043442726,0.06447403877973557,0.13147904425346207,0.12909821172555289,0.12909821172555289,0.1276189088821411,0.1368464231491089,0.3120281994342804,0.19216451048851013,0.4092940042416255,0.0769416093826294,0.05787281319499016,0.026180222630500793,0.053664885461330414,0.10899130254983902
0.3909330712428186,0.3909330712428186,3.478465560592066e-06,3.4784655605920663e-07,0.7138673067092896,0.18223810195922852,0.6058491468429565,0.5006515383720398,1.0223565696301333,0.0814545750617981,0.0772818773984909,0.034159187227487564,0.06429854780435562,0.13098915911843118,0.1261287728945414,0.1261287728945414,0.14370566606521606,0.14311379194259644,0.34831365942955017,0.21171104907989502,0.45599783460299176,0.06935495138168335,0.05496969819068909,0.026646826416254044,0.05032382532954216,0.10361582040786743
0.3940092461048941,0.3940092461048941,2.9835204694635023e-06,2.9835204694635024e-07,0.6654464602470398,0.1794462352991104,0.6030905246734619,0.48266109824180603,0.9835092199690443,0.08197309821844101,0.07876185327768326,0.03396710753440857,0.06490068882703781,0.13234935304840725,0.1194861630598704,0.1194861630598704,0.13953210413455963,0.12311933934688568,0.3080243766307831,0.190225288271904,0.4077458381652832,0.06147788092494011,0.059775665402412415,0.02730472944676876,0.04951942712068558,0.0992727056145668
0.38649970236588294,0.38649970236588294,2.5266858222137106e-06,2.526685822213711e-07,0.6403565406799316,0.17134922742843628,0.5618811845779419,0.45786231756210327,0.9355248386461618,0.08064261078834534,0.07671996206045151,0.03318607062101364,0.06351621448993683,0.12949520004774207,0.12366472433010738,0.12366472433010738,0.14362892508506775,0.12801051139831543,0.29467639327049255,0.18877194821834564,0.39242033163706463,0.060641638934612274,0.065604567527771,0.027810022234916687,0.05135207623243332,0.1042917271455129
0.3904564170558198,0.3904564170558198,2.108331524800381e-06,2.1083315248003812e-07,0.6571773290634155,0.17455117404460907,0.578986644744873,0.4702383875846863,0.9631569855488263,0.07957802712917328,0.07712548971176147,0.033730894327163696,0.06347814202308655,0.1292172491926824,0.12998259564240774,0.12998259564240774,0.1333148181438446,0.1363402158021927,0.3481181561946869,0.205924391746521,0.4367482413848241,0.07155461609363556,0.05949597805738449,0.029518648982048035,0.05352308601140976,0.1084954837958018
0.3953755431552979,0.3953755431552979,1.7287963250570523e-06,1.7287963250570526e-07,0.7307053208351135,0.17772771418094635,0.6406754851341248,0.5163695216178894,1.049602719436557,0.08156563341617584,0.07822510600090027,0.03360966593027115,0.06446680426597595,0.13165280389696804,0.13216504702965418,0.13216504702965418,0.14816555380821228,0.17125694453716278,0.3223976790904999,0.2139400690793991,0.4313952426115672,0.07087673246860504,0.06371593475341797,0.029095744714140892,0.05456280708312988,0.11075098067522049
0.3975340060539005,0.3975340060539005,1.3883875384038253e-06,1.3883875384038254e-07,0.7759347558021545,0.18233032524585724,0.6403332352638245,0.5328661203384399,1.0885860062836232,0.08161238580942154,0.08157068490982056,0.03422103077173233,0.06580136716365814,0.13468711789864213,0.11474827428658803,0.11474827428658803,0.10919072479009628,0.13939228653907776,0.29277288913726807,0.18045197427272797,0.38156670331954956,0.056781526654958725,0.06179048866033554,0.023831922560930252,0.047467976808547974,0.09585659950971603
0.3900063484393907,0.3900063484393907,1.0873807990094168e-06,1.0873807990094166e-07,0.6471841335296631,0.17452111840248108,0.5788135528564453,0.46683961153030396,0.9552741348401277,0.07991333305835724,0.07857177406549454,0.03367462009191513,0.0640532448887825,0.1304984272090904,0.12690266966819763,0.12690266966819763,0.13951769471168518,0.15266427397727966,0.3201022446155548,0.20409473776817322,0.4178904891014099,0.07034357637166977,0.05596097558736801,0.03242265060544014,0.05290906876325607,0.10622429599364598
0.3964062864313717,0.3964062864313717,8.260198366059637e-07,8.260198366059637e-08,0.7883360981941223,0.18179951608181,0.6513300538063049,0.540488600730896,1.1005457048438037,0.0810919776558876,0.0799851343035698,0.034530311822891235,0.06520247459411621,0.13230497903275024,0.1306566447019577,0.1306566447019577,0.13895738124847412,0.1374005526304245,0.2740108072757721,0.18345624208450317,0.37408411502838135,0.07765518128871918,0.0606093630194664,0.0262462105602026,0.05483692139387131,0.11213493595520656
0.38969380725880853,0.38969380725880853,6.045162791373701e-07,6.045162791373702e-08,0.6911555528640747,0.1767340898513794,0.6151386499404907,0.49434277415275574,1.0118875085931147,0.08184350281953812,0.07688319683074951,0.03318578377366066,0.06397083401679993,0.13050181510185677,0.11709427336851756,0.11709427336851756,0.12586823105812073,0.15654467046260834,0.28145527839660645,0.1879560649394989,0.38554801046848297,0.06011376529932022,0.05961254984140396,0.029247161000967026,0.04965782165527344,0.09793750941753387
0.39109796880991393,0.39109796880991393,4.230494814009387e-07,4.230494814009388e-08,0.6523650288581848,0.1812380701303482,0.587706983089447,0.47377002239227295,0.9662566184313234,0.07948173582553864,0.07627634704113007,0.03323435038328171,0.0629974827170372,0.12859155156411206,0.12315148611863454,0.12315148611863454,0.1238793358206749,0.14529511332511902,0.2974376678466797,0.18887071311473846,0.3904141883055369,0.06767883896827698,0.05653274804353714,0.031629279255867004,0.051946960389614105,0.10389064749081929
0.3950087388402148,0.3950087388402148,2.817663798210626e-07,2.8176637982106262e-08,0.6864354610443115,0.1746675968170166,0.5974966883659363,0.4861999452114105,0.9973509734930592,0.082216277718544,0.08009850978851318,0.033699098974466324,0.06533796340227127,0.13336235383176914,0.12453369051218033,0.12453369051218033,0.15460000932216644,0.16126897931098938,0.30326125025749207,0.20637676119804382,0.4211391508579254,0.06639255583286285,0.05890530347824097,0.029322821646928787,0.051540225744247437,0.10371667146682739
0.3914507074211002,0.3914507074211002,1.8078137347256507e-07,1.8078137347256508e-08,0.6638196110725403,0.1795070767402649,0.5771840810775757,0.47350358963012695,0.9730517043038159,0.08111046254634857,0.07676726579666138,0.03382524847984314,0.06390099227428436,0.13011680983101048,0.13519522299369177,0.13519522299369177,0.13561327755451202,0.15041857957839966,0.2626313865184784,0.18288776278495789,0.37729432185490924,0.07937966287136078,0.061842285096645355,0.03196769207715988,0.05772988125681877,0.11662103484074275
0.38933722476392607,0.38933722476392607,1.2017623145004972e-07,1.2017623145004973e-08,0.7141379117965698,0.17482753098011017,0.6016412973403931,0.49686893820762634,1.0124396794185846,0.08022494614124298,0.07546985149383545,0.034005407243967056,0.0632334053516388,0.1289618265751993,0.12891785303751627,0.12891785303751627,0.1395847350358963,0.15320619940757751,0.3006089925765991,0.19779996573925018,0.3981647491455078,0.07090044021606445,0.06296776235103607,0.025481991469860077,0.053116731345653534,0.10927604635556538
0.3896685631862327,0.3896685631862327,1.000000266581972e-07,1.0000002665819722e-08,0.6625198125839233,0.1754530370235443,0.5815863609313965,0.4731864333152771,0.9733290723113324,0.07915531098842621,0.07669214904308319,0.03368447721004486,0.06317731738090515,0.12841401438214886,0.1317064513762792,0.1317064513762792,0.12993720173835754,0.17766809463500977,0.28551191091537476,0.19770574569702148,0.3958837290604909,0.06967984139919281,0.06784035265445709,0.029357220977544785,0.055625807493925095,0.11210249861081441
